<?xml version="1.0" encoding="UTF-8"?>
<project-private xmlns="http://www.netbeans.org/ns/project-private/1">
    <editor-bookmarks xmlns="http://www.netbeans.org/ns/editor-bookmarks/2" lastBookmarkId="0"/>
    <open-files xmlns="http://www.netbeans.org/ns/projectui-open-files/2">
        <group>
            <file>file:/C:/Users/Acer/Desktop/project_moneytracker/src/model/user.java</file>
            <file>file:/C:/Users/Acer/Desktop/project_moneytracker/src/model/transaction.java</file>
            <file>file:/C:/Users/Acer/Desktop/project_moneytracker/src/dao/userDao.java</file>
            <file>file:/C:/Users/Acer/Desktop/project_moneytracker/src/dao/transaksiDao.java</file>
            <file>file:/C:/Users/Acer/Desktop/project_moneytracker/src/controller/transaksiController.java</file>
            <file>file:/C:/Users/Acer/Desktop/project_moneytracker/src/controller/registerController.java</file>
            <file>file:/C:/Users/Acer/Desktop/project_moneytracker/src/controller/mainController.java</file>
            <file>file:/C:/Users/Acer/Desktop/project_moneytracker/src/controller/loginController.java</file>
            <file>file:/C:/Users/Acer/Desktop/project_moneytracker/src/config/koneksi.java</file>
            <file>file:/C:/Users/Acer/Desktop/project_moneytracker/src/project_moneytracker/Project_moneytracker.java</file>
        </group>
    </open-files>
</project-private>
